https://hips.hearstapps.com/hmg-prod.s3.amazonaws.com/images/healthiest-dog-breeds-1569423729.jpg?crop=0.548xw:0.822xh;0.115xw,0.0577xh&resize=640:*
https://upload.wikimedia.org/wikipedia/commons/d/d9/Collage_of_Nine_Dogs.jpg
https://s3.amazonaws.com/cdn-origin-etr.akc.org/wp-content/uploads/2017/11/12234558/Chinook-On-White-03.jpg
https://d17fnq9dkz9hgj.cloudfront.net/breed-uploads/2018/09/dog-landing-hero-lg.jpg?bust=1536935129&width=1080
https://www.gannett-cdn.com/media/2019/08/05/USATODAY/usatsports/most-popular-dog-breeds-intro-image.jpg?width=2560
https://www.petmd.com/sites/default/files/senior-golden-retriever-with-ball-picture-id488657289.jpg
https://hips.hearstapps.com/hmg-prod.s3.amazonaws.com/images/gettyimages-1094874726.png?crop=0.542xw:0.814xh;0.0472xw,0.127xh&resize=640:*
https://www.petmd.com/sites/default/files/Acute-Dog-Diarrhea-47066074.jpg
https://www.medicalnewstoday.com/content/images/articles/322/322868/golden-retriever-puppy.jpg
https://www.medicalnewstoday.com/content/images/articles/326/326253/corgi-and-terrier-running.jpg
https://image.cnbcfm.com/api/v1/image/105992231-1561667465295gettyimages-521697453.jpeg?v=1561667497&w=678&h=381
https://vetstreet.brightspotcdn.com/dims4/default/54186d0/2147483647/thumbnail/590x420/quality/90/?url=https%3A%2F%2Fvetstreet-brightspot.s3.amazonaws.com%2F40%2F58%2F3bc5c01c4cdb8a0581681831faa9%2Fgreat-dane-shaking-paw-thinkstockphotos-522650067-590.jpg
https://upload.wikimedia.org/wikipedia/commons/thumb/6/69/Dog_morphological_variation.png/300px-Dog_morphological_variation.png
https://www.nationalgeographic.com/content/dam/animals/thumbs/rights-exempt/mammals/d/domestic-dog_thumb.jpg
https://i.ytimg.com/vi/kXkiCPETzAw/maxresdefault.jpg
https://hips.hearstapps.com/hmg-prod.s3.amazonaws.com/images/adorable-cavalier-king-charles-spaniel-puppy-royalty-free-image-523255012-1565106446.jpg?crop=0.448xw:1.00xh;0.370xw,0&resize=480:*
https://cdn.psychologytoday.com/sites/default/files/styles/article-inline-half/public/field_blog_entry_images/2018-02/vicious_dog_0.png?itok=nsghKOHs
https://thumbs-prod.si-cdn.com/ttQ_J3nAhFMEyzSgmZOkfIEOzzs=/800x600/filters:no_upscale()/https://public-media.si-cdn.com/filer/5b/3e/5b3eefc6-3a12-45ad-8a46-f3ab1ab28901/istock-953069774.jpg
https://cdn.theatlantic.com/assets/media/img/mt/2019/07/GettyImages_138965532/lead_720_405.jpg?mod=1563813032
https://boygeniusreport.files.wordpress.com/2016/11/puppy-dog.jpg?quality=98&strip=all&w=782
https://s3.amazonaws.com/cdn-origin-etr.akc.org/wp-content/uploads/2019/08/07160938/Taka-burn-dog-helps-burn-victims-800x507.jpg
https://cdn.royalcanin-weshare-online.io/GvqPH2YBIYfdNSoCoAgj/v1/bd18bl-bernese-mountain-dog-adult-standing
https://www.outsideonline.com/sites/default/files/styles/img_600x600/public/2019/07/09/city-dog-shiba_s.jpg?itok=AVDwUcR4
https://images2.minutemediacdn.com/image/upload/c_crop,h_1689,w_3000,x_0,y_404/f_auto,q_auto,w_1100/v1563809078/shape/mentalfloss/28865-gettyimages-500694766.jpg
https://www.guidedogs.org/wp-content/uploads/2018/01/Mobile.jpg
https://media4.s-nbcnews.com/j/newscms/2019_23/2885811/190606-border-collie-mc-1318_5b1706791f4ae9ddb3029540a98f7e08.fit-760w.JPG
https://nhl.bamcontent.com/images/photos/301406224/1024x576/cut.jpg
https://www.rachaelrayshow.com/sites/default/files/styles/video_1920x1080/public/images/2019-06/dog.jpg?itok=mFEHYdZh
https://i.ytimg.com/vi/MPV2METPeJU/maxresdefault.jpg
https://s.abcnews.com/images/US/hawaii-buried-dog-02-ht-jc-190715_hpMain_4x3_992.jpg
https://cdn1-www.dogtime.com/assets/uploads/2019/08/corgi-inu-mixed-dog-breed-pictures-1.jpg
https://petco.scene7.com/is/image/PETCO/2945972-right-1
https://hips.hearstapps.com/hmg-prod.s3.amazonaws.com/images/american-eskimo-dog-1550631739.jpg?crop=1xw:1xh;center,top&resize=480:*
https://thenypost.files.wordpress.com/2019/09/montana-lost-dog.jpg?quality=90&strip=all&w=618&h=410&crop=1
https://media.familyminded.com/ce/39/ce39903185b44964b9db839467e92260.jpg
https://wjla.com/resources/media/35e53868-4c00-48e4-8631-9ed48f07103b-large16x9_AP19166577617281.jpg?1560823384639
https://pixel.nymag.com/imgs/fashion/daily/2019/06/18/18-puppy-dog-eyes.w700.h700.jpg
https://ca-times.brightspotcdn.com/dims4/default/b138138/2147483647/strip/true/crop/1600x900+0+0/resize/840x473!/quality/90/?url=https%3A%2F%2Fca-times.brightspotcdn.com%2F67%2F62%2F33ec1fbf093cf03340899ccb91b2%2Fla-1557963806-eephv3cw44-snap-image
https://www.sciencemag.org/sites/default/files/styles/inline__450w__no_aspect/public/pearl_16x9.jpg?itok=Tq-dVV3X
https://cdn.psychologytoday.com/sites/default/files/styles/article-inline-half/public/field_blog_entry_images/2018-02/cloned_dogs_mdorottya_123rf.png?itok=yiaSkqQA
https://petco.scene7.com/is/image/PETCO/doghp-092319-img-new-pet-puppy-256w-256h-d
https://cdn.vox-cdn.com/thumbor/G2qCMneMQbetwAXpd6bViSjDVek=/0x0:1124x1688/1200x800/filters:focal(307x697:485x875)/cdn.vox-cdn.com/uploads/chorus_image/image/64045111/finn_1.0.jpg
https://s3fs.bestfriends.org/styles/home_page_1500/s3/promo_images/Collapsed-trachea-dog-Bossco-0799LF-hp.jpg?itok=HlnV1h7W
https://nevadahumanesociety.org/wp-content/uploads/2018/08/NHS-Slider-03-1024x731.jpg
https://cdn.abcotvs.com/dip/images/5574736_092719-dogkilled.jpg?w=800&r=16%3A9
https://d17fnq9dkz9hgj.cloudfront.net/breed-uploads/2018/09/dog-landing-hero-sm.jpg?bust=1536935086
https://img.webmd.com/dtmcms/live/webmd/consumer_assets/site_images/article_thumbnails/slideshows/cat_people_vs_dog_people_slideshow/1800x1200_cat_people_vs_dog_people_slideshow_alt.jpg
https://www.washingtonpost.com/resizer/_wcrxaCShYTtyZ-9rLtff2fDYgo=/1484x0/arc-anglerfish-washpost-prod-washpost.s3.amazonaws.com/public/BQRPP7J4D5FLDBA5EN4Q7YBIJA.jpeg
https://cms.qz.com/wp-content/uploads/2018/11/husky-2.jpg?quality=75&strip=all&w=410&h=231
https://a57.foxnews.com/static.foxnews.com/foxnews.com/content/uploads/2019/08/931/524/golden-retriever-istock.jpg?ve=1&tl=1
https://media.graytvinc.com/images/810*455/80702E00-SWYQH1.jpg
https://embarkvet.com/wp-content/uploads/2019/07/research-dog.png
https://upload.wikimedia.org/wikipedia/commons/6/60/YellowLabradorLooking.jpg
https://www.gannett-cdn.com/presto/2019/07/07/USAT/213de31c-e7bd-4155-824a-babf901eca1c-GettyImages-588364784.jpg?crop=3628,2041,x1,y323&width=3200&height=1680&fit=bounds
https://s3.amazonaws.com/cdn-origin-etr.akc.org/wp-content/uploads/2019/07/20150912/Screen-Shot-2019-09-20-at-3.07.13-PM-1.png
https://www.sciencedaily.com/images/2019/09/190902135309_1_540x360.jpg
https://www.sciencefriday.com/wp-content/uploads/2019/06/D9bhA0iXsAAO-u7.jpg
https://oceanbeachsandiego.com/sites/default/files/d7/creative/view-image/dog-beach-san-diego-60.jpg
https://n7jmr7muhj-flywheel.netdna-ssl.com/wp-content/uploads/2019/08/National-Dog-Day-August-26.jpg
https://ichef.bbci.co.uk/news/624/cpsprodpb/135BA/production/_107409297_dogeyes3.jpg
https://www.keloland.com/wp-content/uploads/sites/103/2019/08/Mud-Puppy-Heather-Benson.jpg
https://www.outsideonline.com/sites/default/files/styles/img_600x600/public/2019/08/09/olddog-newdog-together_s.jpg?itok=UrRVJb9Z
https://images.squarespace-cdn.com/content/v1/546d51bae4b0e9f42bb95cbe/1555285798609-2PNYCR2X8WHH6VSW81VU/ke17ZwdGBToddI8pDm48kNBhxsR5AixTPaSt36FQjZRZw-zPPgdn4jUwVcJE1ZvWQUxwkmyExglNqGp0IvTJZamWLI2zvYWH8K3-s_4yszcp2ryTI0HqTOaaUohrI8PIHEpb-MmdDNvFVgjmeoENIlexef176In2EgYPtI8R2-8KMshLAGzx4R3EDFOm1kBS/Puppies1.jpg
https://compote.slate.com/images/ca61f102-33b2-488a-9151-35fe0e95d407.jpeg?width=780&height=520&rect=1560x1040&offset=0x0
https://www.snopes.com/tachyon/2015/06/shark-bait-dogs.jpg?resize=865,452
https://scx2.b-cdn.net/gfx/news/hires/2019/wolfdog.jpg
https://d279m997dpfwgl.cloudfront.net/wp/2019/08/dogs-1000x835.jpg
https://i.guim.co.uk/img/media/fe1e34da640c5c56ed16f76ce6f994fa9343d09d/0_174_3408_2046/master/3408.jpg?width=300&quality=85&auto=format&fit=max&s=80a280664b70fa77e4bcb4cde3caf273
https://static.independent.co.uk/s3fs-public/thumbnails/image/2019/08/30/14/sharpei.jpg
https://i1.wp.com/multifiles.pressherald.com/uploads/sites/4/2019/06/f-n-nyar-dog-retirement-home-062019-1.jpg?resize=1024%2C680&ssl=1
https://hips.hearstapps.com/hmg-prod.s3.amazonaws.com/images/gettyimages-1094874726.png
https://media.newyorker.com/photos/5ccb2335dc7f752e9bf1cf6b/master/w_727,c_limit/190513_r34294.jpg
https://www.mercurynews.com/wp-content/uploads/2017/12/dog-junie_-bro-jorgensen.jpg
https://dynaimage.cdn.cnn.com/cnn/w_768,h_1024,c_scale/https%3A%2F%2Fdynaimage.cdn.cnn.com%2Fcnn%2Fx_1229%2Cy_0%2Cw_2712%2Ch_3616%2Cc_crop%2Fhttps%253A%252F%252Fstamp.static.cnn.io%252F5b7ac48b4db3d70020c01c13%252Fshutterstock_1081879181.jpg
https://thenypost.files.wordpress.com/2019/08/clever-dogs-wp.jpg?quality=90&strip=all
https://cms.prod.nypr.digital/images/292423/fill-661x496/
https://cdn.vox-cdn.com/thumbor/wng90rt7pFT3o_oPRNV21iK-2x8=/0x0:4560x3041/1200x800/filters:focal(1916x1157:2644x1885)/cdn.vox-cdn.com/uploads/chorus_image/image/58504395/911428568.jpg.0.jpg
https://peopledotcom.files.wordpress.com/2019/03/dogs.jpg
https://www.humanesociety.org/sites/default/files/styles/768x326/public/2018/08/dog-grass-441879.jpg?h=a77125df&itok=E2B7rfER
https://localtvwqad.files.wordpress.com/2019/09/promo393627560.jpg?quality=85&strip=all&w=1200
https://img.webmd.com/dtmcms/live/webmd/consumer_assets/site_images/article_thumbnails/reference_guide/6_most_common_dog_health_problems_ref_guide/493x335_6_most_common_dog_health_problems_ref_guide.jpg
https://media.npr.org/assets/img/2019/06/06/bordercollie1_wide-c96fdf46eb1e91fa7a8ede726a42d5be5d462ceb-s800-c85.jpg
https://thumbs-prod.si-cdn.com/BBCqRWrIcgT27wW_55umBJ1rJac=/800x600/filters:no_upscale()/https://public-media.si-cdn.com/filer/2b/98/2b98ec47-682d-4844-b3b3-9410263a4f94/gj3m9r.jpg
https://cdn.vox-cdn.com/thumbor/sMG7fMe3u-qC6lO7_vwDnC0CLTY=/1400x1400/filters:format(jpeg)/cdn.vox-cdn.com/uploads/chorus_asset/file/18274496/Dog.jpg
https://isthmus.com/downloads/53437/download/Dog-Issue-Isthmutts-11222018.gif?cb=1040a93026ba06c339425ed472788f00
https://images.jpost.com/image/upload/f_auto,fl_lossy/t_Article2016_ControlFaceDetect/434934
https://khn.org/wp-content/uploads/sites/2/2019/06/HighDogs1.jpg
https://d.newsweek.com/en/full/1522792/hot-car-death-k-9.jpg?w=1600&h=1600&q=88&f=1138b0c968fe40f5f5082f4ab9a37837
https://www.highlandcanine.com/wp-content/uploads/2018/11/expert-dog-training.jpg
https://www.animalhouseshelter.com/wp-content/uploads/2019/09/brownie-head-1-600x600.jpg
https://www.dw.com/image/49202627_303.jpg
https://ichef.bbci.co.uk/news/1024/branded_news/6C19/production/_108037672_p07hv9s1.jpg
https://cdn.theatlantic.com/assets/media/img/mt/2018/11/shutterstock_552503470/lead_720_405.jpg?mod=1541605820
http://media.culturemap.com/crop/89/33/600x600/Missing-dog-AAC_102929.png
https://s.hdnux.com/photos/77/34/47/16632264/5/920x920.jpg
https://www.ca.gov/archive/gov39/wp-content/uploads/2018/03/First-Dog.jpg
https://cdn.shopify.com/s/files/1/0128/0882/files/breathbones_mobile_1800x.png?v=1545262628
https://images-na.ssl-images-amazon.com/images/I/41PcYi9TpRL._SX331_BO1,204,203,200_.jpg
https://www.dogfoodadvisor.com/wp-content/uploads/2019/07/havanese-puppy.jpg
https://s.abcnews.com/images/US/190618_atm_dog_expressions_hpMain_16x9_992.jpg